BEGIN TRANSACTION;;
CREATE TABLE "accounts_user" ("id" integer NOT NULL PRIMARY KEY AUTO_INCREMENT, "password" varchar(128) NOT NULL, "last_login" datetime NULL, "is_superuser" bool NOT NULL, "email" varchar(254) NOT NULL UNIQUE, "nom" varchar(100) NOT NULL, "prenom" varchar(100) NOT NULL, "telephone" varchar(20) NULL, "role" varchar(10) NOT NULL, "is_active" bool NOT NULL, "is_staff" bool NOT NULL, "date_joined" datetime NOT NULL, "updated_at" datetime NOT NULL);;
INSERT INTO "accounts_user" VALUES(1,'pbkdf2_sha256$720000$2f7642tmctRbOL0iQRrjpd$lKbRND42p2cdp2xY+C+haFxQbvhMIbkBt23ODojblgw=',NULL,1,'admin@locafrance.fr','Admin','LocaFrance',NULL,'admin',1,1,'2025-11-11 20:21:49.904255','2025-11-11 20:21:50.146090');;
INSERT INTO "accounts_user" VALUES(2,'pbkdf2_sha256$720000$lrBV7dZcWrU8RljOOQpsfB$LJwWVGo5/E7mBoO9sxpai+3UdfHLjOz4wzi+jmme+A8=',NULL,0,'hote@test.fr','Martin','Sophie','0601020304','hote',1,0,'2025-11-11 20:22:18.169753','2025-11-11 20:22:18.421052');;
INSERT INTO "accounts_user" VALUES(3,'pbkdf2_sha256$720000$SkLdj80h6TLPsF0XuJizrg$bxilemC4MLlRVH90Ne7i4ORCOWs6xItwV3zswgwqhSE=',NULL,0,'client@test.fr','Dubois','Pierre','0612345678','client',1,0,'2025-11-11 20:22:18.465317','2025-11-11 20:22:18.707390');;
CREATE TABLE "accounts_user_groups" ("id" integer NOT NULL PRIMARY KEY AUTO_INCREMENT, "user_id" bigint NOT NULL REFERENCES "accounts_user" ("id") DEFERRABLE INITIALLY DEFERRED, "group_id" integer NOT NULL REFERENCES "auth_group" ("id") DEFERRABLE INITIALLY DEFERRED);;
CREATE TABLE "accounts_user_user_permissions" ("id" integer NOT NULL PRIMARY KEY AUTO_INCREMENT, "user_id" bigint NOT NULL REFERENCES "accounts_user" ("id") DEFERRABLE INITIALLY DEFERRED, "permission_id" integer NOT NULL REFERENCES "auth_permission" ("id") DEFERRABLE INITIALLY DEFERRED);;
CREATE TABLE "auth_group" ("id" integer NOT NULL PRIMARY KEY AUTO_INCREMENT, "name" varchar(150) NOT NULL UNIQUE);;
CREATE TABLE "auth_group_permissions" ("id" integer NOT NULL PRIMARY KEY AUTO_INCREMENT, "group_id" integer NOT NULL REFERENCES "auth_group" ("id") DEFERRABLE INITIALLY DEFERRED, "permission_id" integer NOT NULL REFERENCES "auth_permission" ("id") DEFERRABLE INITIALLY DEFERRED);;
CREATE TABLE "auth_permission" ("id" integer NOT NULL PRIMARY KEY AUTO_INCREMENT, "content_type_id" integer NOT NULL REFERENCES "django_content_type" ("id") DEFERRABLE INITIALLY DEFERRED, "codename" varchar(100) NOT NULL, "name" varchar(255) NOT NULL);;
INSERT INTO "auth_permission" VALUES(1,1,'add_logentry','Can add log entry');;
INSERT INTO "auth_permission" VALUES(2,1,'change_logentry','Can change log entry');;
INSERT INTO "auth_permission" VALUES(3,1,'delete_logentry','Can delete log entry');;
INSERT INTO "auth_permission" VALUES(4,1,'view_logentry','Can view log entry');;
INSERT INTO "auth_permission" VALUES(5,2,'add_permission','Can add permission');;
INSERT INTO "auth_permission" VALUES(6,2,'change_permission','Can change permission');;
INSERT INTO "auth_permission" VALUES(7,2,'delete_permission','Can delete permission');;
INSERT INTO "auth_permission" VALUES(8,2,'view_permission','Can view permission');;
INSERT INTO "auth_permission" VALUES(9,3,'add_group','Can add group');;
INSERT INTO "auth_permission" VALUES(10,3,'change_group','Can change group');;
INSERT INTO "auth_permission" VALUES(11,3,'delete_group','Can delete group');;
INSERT INTO "auth_permission" VALUES(12,3,'view_group','Can view group');;
INSERT INTO "auth_permission" VALUES(13,4,'add_contenttype','Can add content type');;
INSERT INTO "auth_permission" VALUES(14,4,'change_contenttype','Can change content type');;
INSERT INTO "auth_permission" VALUES(15,4,'delete_contenttype','Can delete content type');;
INSERT INTO "auth_permission" VALUES(16,4,'view_contenttype','Can view content type');;
INSERT INTO "auth_permission" VALUES(17,5,'add_session','Can add session');;
INSERT INTO "auth_permission" VALUES(18,5,'change_session','Can change session');;
INSERT INTO "auth_permission" VALUES(19,5,'delete_session','Can delete session');;
INSERT INTO "auth_permission" VALUES(20,5,'view_session','Can view session');;
INSERT INTO "auth_permission" VALUES(21,6,'add_token','Can add Token');;
INSERT INTO "auth_permission" VALUES(22,6,'change_token','Can change Token');;
INSERT INTO "auth_permission" VALUES(23,6,'delete_token','Can delete Token');;
INSERT INTO "auth_permission" VALUES(24,6,'view_token','Can view Token');;
INSERT INTO "auth_permission" VALUES(25,7,'add_tokenproxy','Can add token');;
INSERT INTO "auth_permission" VALUES(26,7,'change_tokenproxy','Can change token');;
INSERT INTO "auth_permission" VALUES(27,7,'delete_tokenproxy','Can delete token');;
INSERT INTO "auth_permission" VALUES(28,7,'view_tokenproxy','Can view token');;
INSERT INTO "auth_permission" VALUES(29,8,'add_user','Can add Utilisateur');;
INSERT INTO "auth_permission" VALUES(30,8,'change_user','Can change Utilisateur');;
INSERT INTO "auth_permission" VALUES(31,8,'delete_user','Can delete Utilisateur');;
INSERT INTO "auth_permission" VALUES(32,8,'view_user','Can view Utilisateur');;
INSERT INTO "auth_permission" VALUES(33,9,'add_logement','Can add Logement');;
INSERT INTO "auth_permission" VALUES(34,9,'change_logement','Can change Logement');;
INSERT INTO "auth_permission" VALUES(35,9,'delete_logement','Can delete Logement');;
INSERT INTO "auth_permission" VALUES(36,9,'view_logement','Can view Logement');;
INSERT INTO "auth_permission" VALUES(37,10,'add_avis','Can add Avis');;
INSERT INTO "auth_permission" VALUES(38,10,'change_avis','Can change Avis');;
INSERT INTO "auth_permission" VALUES(39,10,'delete_avis','Can delete Avis');;
INSERT INTO "auth_permission" VALUES(40,10,'view_avis','Can view Avis');;
INSERT INTO "auth_permission" VALUES(41,11,'add_reservation','Can add Réservation');;
INSERT INTO "auth_permission" VALUES(42,11,'change_reservation','Can change Réservation');;
INSERT INTO "auth_permission" VALUES(43,11,'delete_reservation','Can delete Réservation');;
INSERT INTO "auth_permission" VALUES(44,11,'view_reservation','Can view Réservation');;
CREATE TABLE "authtoken_token" ("key" varchar(40) NOT NULL PRIMARY KEY, "created" datetime NOT NULL, "user_id" bigint NOT NULL UNIQUE REFERENCES "accounts_user" ("id") DEFERRABLE INITIALLY DEFERRED);;
CREATE TABLE "django_admin_log" ("id" integer NOT NULL PRIMARY KEY AUTO_INCREMENT, "object_id" text NULL, "object_repr" varchar(200) NOT NULL, "action_flag" smallint unsigned NOT NULL CHECK ("action_flag" >= 0), "change_message" text NOT NULL, "content_type_id" integer NULL REFERENCES "django_content_type" ("id") DEFERRABLE INITIALLY DEFERRED, "user_id" bigint NOT NULL REFERENCES "accounts_user" ("id") DEFERRABLE INITIALLY DEFERRED, "action_time" datetime NOT NULL);;
CREATE TABLE "django_content_type" ("id" integer NOT NULL PRIMARY KEY AUTO_INCREMENT, "app_label" varchar(100) NOT NULL, "model" varchar(100) NOT NULL);;
INSERT INTO "django_content_type" VALUES(1,'admin','logentry');;
INSERT INTO "django_content_type" VALUES(2,'auth','permission');;
INSERT INTO "django_content_type" VALUES(3,'auth','group');;
INSERT INTO "django_content_type" VALUES(4,'contenttypes','contenttype');;
INSERT INTO "django_content_type" VALUES(5,'sessions','session');;
INSERT INTO "django_content_type" VALUES(6,'authtoken','token');;
INSERT INTO "django_content_type" VALUES(7,'authtoken','tokenproxy');;
INSERT INTO "django_content_type" VALUES(8,'accounts','user');;
INSERT INTO "django_content_type" VALUES(9,'logements','logement');;
INSERT INTO "django_content_type" VALUES(10,'logements','avis');;
INSERT INTO "django_content_type" VALUES(11,'reservations','reservation');;
CREATE TABLE "django_migrations" ("id" integer NOT NULL PRIMARY KEY AUTO_INCREMENT, "app" varchar(255) NOT NULL, "name" varchar(255) NOT NULL, "applied" datetime NOT NULL);;
INSERT INTO "django_migrations" VALUES(1,'contenttypes','0001_initial','2025-11-11 20:21:32.378235');;
INSERT INTO "django_migrations" VALUES(2,'contenttypes','0002_remove_content_type_name','2025-11-11 20:21:32.391840');;
INSERT INTO "django_migrations" VALUES(3,'auth','0001_initial','2025-11-11 20:21:32.418932');;
INSERT INTO "django_migrations" VALUES(4,'auth','0002_alter_permission_name_max_length','2025-11-11 20:21:32.433484');;
INSERT INTO "django_migrations" VALUES(5,'auth','0003_alter_user_email_max_length','2025-11-11 20:21:32.445557');;
INSERT INTO "django_migrations" VALUES(6,'auth','0004_alter_user_username_opts','2025-11-11 20:21:32.457993');;
INSERT INTO "django_migrations" VALUES(7,'auth','0005_alter_user_last_login_null','2025-11-11 20:21:32.469685');;
INSERT INTO "django_migrations" VALUES(8,'auth','0006_require_contenttypes_0002','2025-11-11 20:21:32.477924');;
INSERT INTO "django_migrations" VALUES(9,'auth','0007_alter_validators_add_error_messages','2025-11-11 20:21:32.488761');;
INSERT INTO "django_migrations" VALUES(10,'auth','0008_alter_user_username_max_length','2025-11-11 20:21:32.499759');;
INSERT INTO "django_migrations" VALUES(11,'auth','0009_alter_user_last_name_max_length','2025-11-11 20:21:32.510392');;
INSERT INTO "django_migrations" VALUES(12,'auth','0010_alter_group_name_max_length','2025-11-11 20:21:32.523031');;
INSERT INTO "django_migrations" VALUES(13,'auth','0011_update_proxy_permissions','2025-11-11 20:21:32.532979');;
INSERT INTO "django_migrations" VALUES(14,'auth','0012_alter_user_first_name_max_length','2025-11-11 20:21:32.542534');;
INSERT INTO "django_migrations" VALUES(15,'accounts','0001_initial','2025-11-11 20:21:32.563875');;
INSERT INTO "django_migrations" VALUES(16,'admin','0001_initial','2025-11-11 20:21:32.583664');;
INSERT INTO "django_migrations" VALUES(17,'admin','0002_logentry_remove_auto_add','2025-11-11 20:21:32.598097');;
INSERT INTO "django_migrations" VALUES(18,'admin','0003_logentry_add_action_flag_choices','2025-11-11 20:21:32.609807');;
INSERT INTO "django_migrations" VALUES(19,'authtoken','0001_initial','2025-11-11 20:21:32.622898');;
INSERT INTO "django_migrations" VALUES(20,'authtoken','0002_auto_20160226_1747','2025-11-11 20:21:32.648281');;
INSERT INTO "django_migrations" VALUES(21,'authtoken','0003_tokenproxy','2025-11-11 20:21:32.658260');;
INSERT INTO "django_migrations" VALUES(22,'logements','0001_initial','2025-11-11 20:21:32.682747');;
INSERT INTO "django_migrations" VALUES(23,'reservations','0001_initial','2025-11-11 20:21:32.705374');;
INSERT INTO "django_migrations" VALUES(24,'logements','0002_initial','2025-11-11 20:21:32.748941');;
INSERT INTO "django_migrations" VALUES(25,'sessions','0001_initial','2025-11-11 20:21:32.767929');;
CREATE TABLE "django_session" ("session_key" varchar(40) NOT NULL PRIMARY KEY, "session_data" text NOT NULL, "expire_date" datetime NOT NULL);;
CREATE TABLE "logements_avis" ("id" integer NOT NULL PRIMARY KEY AUTO_INCREMENT, "note" integer NOT NULL, "commentaire" text NOT NULL, "created_at" datetime NOT NULL, "client_id" bigint NOT NULL REFERENCES "accounts_user" ("id") DEFERRABLE INITIALLY DEFERRED, "reservation_id" bigint NOT NULL UNIQUE REFERENCES "reservations_reservation" ("id") DEFERRABLE INITIALLY DEFERRED, "logement_id" bigint NOT NULL REFERENCES "logements_logement" ("id") DEFERRABLE INITIALLY DEFERRED);;
CREATE TABLE "logements_logement" ("id" integer NOT NULL PRIMARY KEY AUTO_INCREMENT, "titre" varchar(200) NOT NULL, "description" text NOT NULL, "type" varchar(20) NOT NULL, "adresse" varchar(255) NOT NULL, "ville" varchar(100) NOT NULL, "code_postal" varchar(10) NOT NULL, "prix_par_nuit" decimal NOT NULL, "capacite_max" integer NOT NULL, "nombre_chambres" integer NOT NULL, "nombre_salles_bain" integer NOT NULL, "photo_url" varchar(200) NULL, "wifi" bool NOT NULL, "parking" bool NOT NULL, "cuisine" bool NOT NULL, "animaux" bool NOT NULL, "actif" bool NOT NULL, "created_at" datetime NOT NULL, "updated_at" datetime NOT NULL, "hote_id" bigint NOT NULL REFERENCES "accounts_user" ("id") DEFERRABLE INITIALLY DEFERRED);;
INSERT INTO "logements_logement" VALUES(1,'Studio cosy Paris 11ème','Charmant studio refait à neuf avec tout le confort','studio','25 rue Oberkampf','Paris','75011',65,2,1,1,'https://images.unsplash.com/photo-1522708323590-d24dbb6b0267?w=400',1,0,1,0,1,'2025-11-11 20:22:18.434865','2025-11-11 20:22:18.434890',2);;
INSERT INTO "logements_logement" VALUES(2,'Appartement lumineux Lyon','Grand appartement T3 dans le 6ème arrondissement','appartement','12 cours Vitton','Lyon','69006',90,4,2,1,'https://images.unsplash.com/photo-1502672260266-1c1ef2d93688?w=400',1,1,1,0,1,'2025-11-11 20:22:18.444849','2025-11-11 20:22:18.444869',2);;
INSERT INTO "logements_logement" VALUES(3,'Villa avec piscine Marseille','Magnifique villa avec vue mer et piscine privée','villa','8 avenue des Calanques','Marseille','13008',250,8,4,3,'https://images.unsplash.com/photo-1512917774080-9991f1c4c750?w=400',1,1,1,1,1,'2025-11-11 20:22:18.454253','2025-11-11 20:22:18.454274',2);;
CREATE TABLE "reservations_reservation" ("id" integer NOT NULL PRIMARY KEY AUTO_INCREMENT, "date_debut" date NOT NULL, "date_fin" date NOT NULL, "nombre_voyageurs" integer NOT NULL, "prix_total" decimal NOT NULL, "statut" varchar(20) NOT NULL, "message" text NULL, "created_at" datetime NOT NULL, "updated_at" datetime NOT NULL, "client_id" bigint NOT NULL REFERENCES "accounts_user" ("id") DEFERRABLE INITIALLY DEFERRED, "logement_id" bigint NOT NULL REFERENCES "logements_logement" ("id") DEFERRABLE INITIALLY DEFERRED);;
CREATE UNIQUE INDEX "django_content_type_app_label_model_76bd3d3b_uniq" ON "django_content_type" ("app_label", "model");;
CREATE UNIQUE INDEX "auth_group_permissions_group_id_permission_id_0cd325b0_uniq" ON "auth_group_permissions" ("group_id", "permission_id");;
CREATE INDEX "auth_group_permissions_group_id_b120cbf9" ON "auth_group_permissions" ("group_id");;
CREATE INDEX "auth_group_permissions_permission_id_84c5c92e" ON "auth_group_permissions" ("permission_id");;
CREATE UNIQUE INDEX "auth_permission_content_type_id_codename_01ab375a_uniq" ON "auth_permission" ("content_type_id", "codename");;
CREATE INDEX "auth_permission_content_type_id_2f476e4b" ON "auth_permission" ("content_type_id");;
CREATE UNIQUE INDEX "accounts_user_groups_user_id_group_id_59c0b32f_uniq" ON "accounts_user_groups" ("user_id", "group_id");;
CREATE INDEX "accounts_user_groups_user_id_52b62117" ON "accounts_user_groups" ("user_id");;
CREATE INDEX "accounts_user_groups_group_id_bd11a704" ON "accounts_user_groups" ("group_id");;
CREATE UNIQUE INDEX "accounts_user_user_permissions_user_id_permission_id_2ab516c2_uniq" ON "accounts_user_user_permissions" ("user_id", "permission_id");;
CREATE INDEX "accounts_user_user_permissions_user_id_e4f0a161" ON "accounts_user_user_permissions" ("user_id");;
CREATE INDEX "accounts_user_user_permissions_permission_id_113bb443" ON "accounts_user_user_permissions" ("permission_id");;
CREATE INDEX "django_admin_log_content_type_id_c4bce8eb" ON "django_admin_log" ("content_type_id");;
CREATE INDEX "django_admin_log_user_id_c564eba6" ON "django_admin_log" ("user_id");;
CREATE INDEX "reservations_reservation_client_id_696a60bf" ON "reservations_reservation" ("client_id");;
CREATE INDEX "reservations_reservation_logement_id_f225fc7c" ON "reservations_reservation" ("logement_id");;
CREATE INDEX "logements_logement_hote_id_993c246f" ON "logements_logement" ("hote_id");;
CREATE INDEX "logements_avis_client_id_1243db6e" ON "logements_avis" ("client_id");;
CREATE INDEX "logements_avis_logement_id_55001a18" ON "logements_avis" ("logement_id");;
CREATE UNIQUE INDEX "logements_avis_reservation_id_1481c2f9_uniq" ON "logements_avis" ("reservation_id");;
CREATE INDEX "django_session_expire_date_a5c62663" ON "django_session" ("expire_date");;
DELETE FROM "sqlite_sequence";;
INSERT INTO "sqlite_sequence" VALUES('django_migrations',25);;
INSERT INTO "sqlite_sequence" VALUES('django_content_type',11);;
INSERT INTO "sqlite_sequence" VALUES('auth_permission',44);;
INSERT INTO "sqlite_sequence" VALUES('auth_group',0);;
INSERT INTO "sqlite_sequence" VALUES('django_admin_log',0);;
INSERT INTO "sqlite_sequence" VALUES('logements_logement',3);;
INSERT INTO "sqlite_sequence" VALUES('logements_avis',0);;
INSERT INTO "sqlite_sequence" VALUES('accounts_user',3);;
COMMIT;;
